{
    "emissions_kg": 1.145641539055707e-05,
    "energy_consumed_kWh": 2.0314378055304085e-05,
    "duration_s": 0.488792399992235,
    "emissions_rate_kg_per_sec": 2.3438202784534022e-05
}