{
    "emissions_kg": 1.4195325197070678e-05,
    "energy_consumed_kWh": 2.5170980000338107e-05,
    "duration_s": 0.6053187000215985,
    "emissions_rate_kg_per_sec": 2.3450993991370452e-05
}