{
    "mean": 297.2540283203125,
    "min": 286.6199951171875,
    "max": 303.9499816894531,
    "median": 298.3399963378906
}